customer_id,customer_name,customer_lastname,email,token
150,Evita,Douglass,Evita.Douglass@blamail.com,742
151,Fidelia,Dunkin,Fidelia.Dunkin@blamail.com,559
152,Leanna,Dannye,Leanna.Dannye@blamail.com,503
153,Fidelia,Kosey,Fidelia.Kosey@blamail.com,767
154,Kassey,Hamil,Kassey.Hamil@blamail.com,262
155,Emylee,Brian,Emylee.Brian@blamail.com,27
156,Fredericka,Jammal,Fredericka.Jammal@blamail.com,129
157,Wileen,Sherrie,Wileen.Sherrie@blamail.com,278
158,Dulcinea,Cohdwell,Dulcinea.Cohdwell@blamail.com,747
159,Elmira,Sherrie,Elmira.Sherrie@blamail.com,513
160,Gale,Lissi,Gale.Lissi@blamail.com,171
161,Liana,Harl,Liana.Harl@blamail.com,535
162,Felice,Pyle,Felice.Pyle@blamail.com,478
163,Mallory,Xerxes,Mallory.Xerxes@blamail.com,938
164,Elvira,Loleta,Elvira.Loleta@blamail.com,940
165,Binny,Hourigan,Binny.Hourigan@blamail.com,78
166,Carree,Zitvaa,Carree.Zitvaa@blamail.com,55
167,Nessie,Shuler,Nessie.Shuler@blamail.com,787
168,Karly,Goerke,Karly.Goerke@blamail.com,562
169,Hollie,Georgy,Hollie.Georgy@blamail.com,567
170,Pamella,Nedrud,Pamella.Nedrud@blamail.com,972
171,Marcelline,Philipp,Marcelline.Philipp@blamail.com,762
172,Carmencita,Adamsen,Carmencita.Adamsen@blamail.com,185
173,Wynne,Kolnick,Wynne.Kolnick@blamail.com,156
174,Lilith,Laverne,Lilith.Laverne@blamail.com,337
175,Stephanie,Peti,Stephanie.Peti@blamail.com,276
176,Sean,Sibyls,Sean.Sibyls@blamail.com,754
177,Tiffie,Margret,Tiffie.Margret@blamail.com,453
178,Kamilah,Podvin,Kamilah.Podvin@blamail.com,221
179,Ileana,Standing,Ileana.Standing@blamail.com,665
180,Teriann,Bergman,Teriann.Bergman@blamail.com,761
181,Roseline,Jaylene,Roseline.Jaylene@blamail.com,967
182,Leona,Carbo,Leona.Carbo@blamail.com,230
183,Ira,Keelia,Ira.Keelia@blamail.com,547
184,Caritta,Tice,Caritta.Tice@blamail.com,474
185,Marline,Cohdwell,Marline.Cohdwell@blamail.com,512
186,Emelina,Judye,Emelina.Judye@blamail.com,684
187,Sidoney,Jess,Sidoney.Jess@blamail.com,631
188,Shirlee,An,Shirlee.An@blamail.com,791
189,Fawne,Darrell,Fawne.Darrell@blamail.com,240
190,Belva,Socha,Belva.Socha@blamail.com,15
191,Fina,Marden,Fina.Marden@blamail.com,842
192,Di,Taam,Di.Taam@blamail.com,498
193,Brianna,Herrera,Brianna.Herrera@blamail.com,913
194,Zia,Pierette,Zia.Pierette@blamail.com,847
195,Carol-Jean,Lindemann,Carol-Jean.Lindemann@blamail.com,804
196,Katharina,Giule,Katharina.Giule@blamail.com,364
197,Darlleen,Weide,Darlleen.Weide@blamail.com,768
198,Krystle,Grosz,Krystle.Grosz@blamail.com,274
199,Vivia,Romelda,Vivia.Romelda@blamail.com,274
