customer_id,customer_name,customer_lastname,email,token
100,Marcy,Elephus,Marcy.Elephus@blamail.com,473
101,Brietta,Emmy,Brietta.Emmy@blamail.com,653
102,Nanete,Sparhawk,Nanete.Sparhawk@blamail.com,147
103,Dorice,Lesley,Dorice.Lesley@blamail.com,451
104,Dulcinea,Matthew,Dulcinea.Matthew@blamail.com,88
105,Bobbi,Laverne,Bobbi.Laverne@blamail.com,357
106,Ernesta,Edison,Ernesta.Edison@blamail.com,535
107,Anica,Faro,Anica.Faro@blamail.com,850
108,Madalyn,Olin,Madalyn.Olin@blamail.com,533
109,Averyl,Quent,Averyl.Quent@blamail.com,41
110,Marguerite,Herrera,Marguerite.Herrera@blamail.com,395
111,Lorne,Randene,Lorne.Randene@blamail.com,178
112,Max,Raffo,Max.Raffo@blamail.com,769
113,Aryn,Caitlin,Aryn.Caitlin@blamail.com,805
114,Aimil,Heidt,Aimil.Heidt@blamail.com,981
115,Gwyneth,Riordan,Gwyneth.Riordan@blamail.com,105
116,Edyth,Boycey,Edyth.Boycey@blamail.com,777
117,Cathyleen,Syd,Cathyleen.Syd@blamail.com,501
118,Atlanta,Haldas,Atlanta.Haldas@blamail.com,174
119,Ricky,Esmaria,Ricky.Esmaria@blamail.com,600
120,Sabina,Kauppi,Sabina.Kauppi@blamail.com,72
121,Ada,Eldrid,Ada.Eldrid@blamail.com,518
122,Blondelle,Mallon,Blondelle.Mallon@blamail.com,452
123,Babita,Himelman,Babita.Himelman@blamail.com,800
124,Sean,Grosz,Sean.Grosz@blamail.com,309
125,Fayre,Winthorpe,Fayre.Winthorpe@blamail.com,755
126,Marti,Roxanna,Marti.Roxanna@blamail.com,675
127,Millie,Armanda,Millie.Armanda@blamail.com,17
128,Alisha,Goerke,Alisha.Goerke@blamail.com,603
129,Catrina,Juliet,Catrina.Juliet@blamail.com,645
130,Calla,Toffic,Calla.Toffic@blamail.com,788
131,Marnia,Bronk,Marnia.Bronk@blamail.com,36
132,Karlee,Kosey,Karlee.Kosey@blamail.com,840
133,Janey,Buffum,Janey.Buffum@blamail.com,900
134,Kelly,Regan,Kelly.Regan@blamail.com,589
135,Annecorinne,Kalinda,Annecorinne.Kalinda@blamail.com,600
136,Pierette,Decato,Pierette.Decato@blamail.com,894
137,Cordi,Pandolfi,Cordi.Pandolfi@blamail.com,195
138,Roz,Imelida,Roz.Imelida@blamail.com,999
139,Ethel,Lytton,Ethel.Lytton@blamail.com,161
140,Wanda,Campball,Wanda.Campball@blamail.com,95
141,Libbie,Berl,Libbie.Berl@blamail.com,410
142,Darlleen,Yuille,Darlleen.Yuille@blamail.com,693
143,Susette,Helfand,Susette.Helfand@blamail.com,338
144,Frieda,Persse,Frieda.Persse@blamail.com,975
145,Tori,Maples,Tori.Maples@blamail.com,308
146,Donnie,Cadmar,Donnie.Cadmar@blamail.com,255
147,Charissa,Havens,Charissa.Havens@blamail.com,848
148,Michaelina,Stoller,Michaelina.Stoller@blamail.com,465
149,Chickie,Grayce,Chickie.Grayce@blamail.com,545
